n_estimators,test-mlogloss-mean,test-mlogloss-std,train-mlogloss-mean,train-mlogloss-std
0,0.6495076666666667,3.6609045633833844e-05,0.649506,2.9676028485379584e-05
1,0.6139676666666667,6.976309116494319e-05,0.6139613333333332,5.4236109332777654e-05
2,0.5846686666666666,0.0001916008582676455,0.5846586666666665,0.00017503777370102283
3,0.5602456666666666,0.00023336999711953053,0.5602360000000001,0.00021415881957089755
4,0.5400236666666666,0.0002380228747177037,0.5400126666666667,0.0002120696950428189
5,0.5228936666666666,0.00022724045023327023,0.5228766666666668,0.00019846298283449938
6,0.5085103333333333,0.000268221715915948,0.5084909999999999,0.00023303361703127344
7,0.4963326666666667,0.00022019133094248515,0.49630899999999994,0.00018606987934645256
8,0.4861063333333333,0.000230803427665687,0.48607700000000004,0.00019518879749274995
9,0.477236,0.0002130837081211644,0.47720333333333337,0.00017491013565701453
10,0.4697153333333333,9.640308893161444e-05,0.469682,5.5208694967357897e-05
11,0.46332066666666666,0.00012373717666444727,0.463288,7.870196947979713e-05
12,0.45790833333333336,0.00011211402925394527,0.45787133333333335,8.588493594466458e-05
13,0.4533256666666667,0.00010462738116232986,0.453285,9.626352718795976e-05
14,0.44934066666666667,0.00012334864769786242,0.44929900000000006,0.000125970896109632
15,0.445946,0.00011819757470720936,0.4459066666666667,8.64150192706938e-05
16,0.4430286666666667,0.0001617350370891327,0.44298733333333334,0.00010340964923813993
17,0.4404873333333333,0.0001277767149714286,0.4404456666666667,6.135325763334904e-05
18,0.4383646666666667,0.00013379171208343892,0.43832066666666664,7.827018731434204e-05
19,0.43641900000000006,0.0001923902284420821,0.43637066666666663,0.00012464438303518485
20,0.43478700000000003,0.0001781460075331534,0.4347403333333333,0.00010830307269675051
21,0.433284,0.00017561890558820466,0.433235,0.00010742749492874594
22,0.43196233333333334,0.00013060202482691007,0.431908,6.435837163882206e-05
23,0.43082133333333333,9.989772547739347e-05,0.4307653333333333,4.1427312515089655e-05
24,0.429794,0.0001415061836104806,0.429735,0.00012215563842901165
25,0.42892933333333333,0.00014100197004141113,0.42886599999999997,0.00010866768915672754
26,0.428123,0.00013470708964266736,0.42805933333333335,0.00012656048180833903
27,0.4274386666666667,0.00013621633121211615,0.42737,0.00014312465429360677
28,0.426809,0.00014081429851640234,0.42673266666666665,0.00014886309892724172
29,0.4263186666666667,0.00013074232503497923,0.42623833333333333,0.0001178171841833347
30,0.42584566666666673,7.063678613551403e-05,0.42576366666666665,4.502838610871524e-05
31,0.42547766666666664,5.764450441186022e-05,0.4253913333333333,5.4603622183489475e-05
32,0.425104,6.491532946847499e-05,0.42501533333333336,8.461809630463172e-05
33,0.42473066666666665,4.0450243784465556e-05,0.42464033333333334,4.439469437770085e-05
34,0.4244053333333333,0.00010529429656389036,0.42431099999999994,6.0948065323392745e-05
35,0.42413666666666666,4.832068800099281e-05,0.42404,5.404319260244973e-05
36,0.4238186666666666,4.169998667733036e-05,0.423723,4.223742416388331e-05
37,0.4235986666666667,6.867475680498492e-05,0.4234986666666667,5.310576449143895e-05
38,0.423392,9.572181917758068e-05,0.42328933333333335,9.796030942285336e-05
39,0.42319966666666664,0.0001293505143227425,0.4230913333333333,0.00012189157294727302
40,0.42299533333333333,0.00012309977886072542,0.42288,0.00011534296684237117
41,0.4228336666666667,0.00017112243829749943,0.42271300000000006,0.00016039950124610444
42,0.42264166666666664,0.00014426903879752296,0.42251900000000003,0.00014902572484865544
43,0.42246999999999996,0.00011808753815142905,0.4223413333333333,8.594701209983786e-05
44,0.42228033333333337,5.75634915163835e-05,0.42214966666666665,4.275771535314907e-05
45,0.4221436666666667,4.1907305117629354e-05,0.4220116666666667,5.4530317765041346e-05
46,0.42199933333333334,4.1266074309164305e-05,0.42186399999999996,5.7277104209848345e-05
47,0.42185200000000006,0.00010984534582766172,0.421713,9.766609783680379e-05
48,0.42171966666666666,0.00014878694685877428,0.42157633333333333,0.00012879268440230333
49,0.421641,0.00013717385562367048,0.4214973333333334,0.00010888628114789667
50,0.42149,0.00010370149468546715,0.4213463333333333,8.769011093364462e-05
51,0.42139866666666664,8.328398538868457e-05,0.421252,0.00010172839655998518
52,0.4213006666666667,7.18532455000301e-05,0.4211496666666667,9.463379711053903e-05
53,0.4211803333333333,0.00010229478101164446,0.42102766666666663,0.00011233976242729619
54,0.421089,0.00013060883073770174,0.420931,0.0001251239385569258
55,0.4210176666666667,0.0001303746737505187,0.4208543333333334,0.00010839536685464866
56,0.42091300000000004,0.00012184416276539188,0.42074833333333334,8.155706931686582e-05
57,0.42084666666666665,0.00010379573958287544,0.42067933333333335,6.108100268405234e-05
58,0.42075766666666664,6.971529403382378e-05,0.42058833333333334,6.24304056975115e-05
59,0.42066733333333334,5.332499934886481e-05,0.420496,4.887398762806436e-05
60,0.4205663333333334,7.025825376579826e-05,0.42038933333333334,5.413768455419942e-05
61,0.42045899999999997,6.094806532340185e-05,0.4202783333333333,4.0002777681326834e-05
62,0.4203503333333333,5.6758748713793323e-05,0.42016633333333336,6.129890337972867e-05
63,0.4202876666666666,5.067763039273549e-05,0.4201013333333334,7.615919000503367e-05
64,0.42020333333333326,2.85228952870358e-05,0.420015,8.452613008215559e-05
65,0.4201156666666666,1.86607133363826e-05,0.41992499999999994,8.376554582084258e-05
66,0.42003300000000005,3.398038649964746e-05,0.41983966666666667,9.735616170648369e-05
67,0.4199523333333333,4.110420362390033e-05,0.4197563333333334,9.799773240007322e-05
68,0.41986133333333336,3.5649528592780106e-05,0.4196626666666667,8.72174804089647e-05
69,0.4197943333333334,4.7161660511704763e-05,0.4195883333333333,9.69547431651757e-05
70,0.41972533333333334,5.430981085916042e-05,0.419517,9.845134161944761e-05
71,0.419645,6.023841520713435e-05,0.41943366666666665,0.00010897808138438964
72,0.41959300000000005,6.903622237636924e-05,0.4193766666666667,0.00011800094161581796
73,0.41950766666666667,6.304671989002297e-05,0.419289,0.00010632340601516451
74,0.41945066666666664,6.492217563272974e-05,0.41922699999999996,0.0001067707825203159
75,0.41938633333333336,7.200617257492313e-05,0.41915966666666665,0.00010986456308666309
76,0.4193286666666667,7.47098089647863e-05,0.4190993333333333,0.00011598946312297746
77,0.41925799999999996,0.00010149220002871516,0.419025,0.00014212904934130915
78,0.41918799999999995,9.34915325934124e-05,0.41895366666666667,0.0001317632557109817
79,0.41913533333333336,8.572177215983858e-05,0.4188986666666667,0.00012124997136311592
80,0.419051,6.790189000805915e-05,0.41881166666666664,0.00011286668635558122
81,0.41899533333333333,9.180171869608551e-05,0.41875,0.00012316114105781527
82,0.4189213333333333,0.00010442966798547254,0.4186723333333333,0.00013909309432494932
83,0.41886266666666666,0.00010947247244044263,0.4186106666666667,0.00015526607986149157
84,0.41883066666666663,0.0001179161660766789,0.418576,0.00015914144651848043
85,0.41877499999999995,0.00013107504211964986,0.418515,0.00017548409234646888
86,0.41871566666666665,0.00013029794916097522,0.4184506666666667,0.00017560245505750152
87,0.41865899999999995,0.00014862929276111906,0.41839066666666663,0.0001810346805326298
88,0.4186183333333333,0.00015149110718308474,0.4183463333333333,0.00018423957832729406
89,0.4185563333333333,0.0001408505906586375,0.418279,0.0001737411868268501
90,0.4185033333333333,0.0001553969826676964,0.4182243333333333,0.00019324653223855192
91,0.4184573333333333,0.00013920328859460572,0.418175,0.00018247922256154652
92,0.418395,0.0001502020860929276,0.4181093333333334,0.0001913972018836274
93,0.41834733333333335,0.00014166235287550757,0.41805766666666666,0.00018886738439679958
94,0.4183033333333333,0.00015312159293260727,0.4180123333333334,0.00019496039483841952
95,0.4182516666666667,0.00015633795302343756,0.4179583333333334,0.00019504928152192487
96,0.4181786666666667,0.00014985845173214748,0.417883,0.00017818155534921707
97,0.41812200000000005,0.00015026199342039546,0.41782433333333335,0.00017916348834388384
98,0.41807,0.00015292045862691164,0.4177666666666667,0.00017960945285689278
99,0.4180163333333333,0.00012062430195538497,0.41771,0.00014029255147726888
100,0.41796799999999995,0.00010744611052368272,0.4176583333333334,0.00012950246672897023
101,0.4179313333333334,0.00011262129263844977,0.41761966666666667,0.00013301712504620124
102,0.4178836666666667,0.00012259780675943238,0.417569,0.00014179562757717068
103,0.4178323333333333,0.00013250744213901946,0.417514,0.00013790093062292913
104,0.417778,0.00012416387021459572,0.417456,0.00012590737336100162
105,0.4177323333333333,0.00012260052564688108,0.41740700000000003,0.0001252623912699637
106,0.4176946666666667,0.00013352985517187896,0.4173656666666667,0.00012944067710302703
107,0.417633,0.00012747025796893435,0.41729900000000003,0.0001139239512423382
108,0.4175816666666667,0.00012634696496376327,0.41724433333333333,0.00012126096743066742
109,0.41754033333333335,0.0001250395492989676,0.4172016666666667,0.00011562102846031174
110,0.4175036666666667,0.00011504878192411081,0.41716133333333333,0.00011377560761819228
111,0.4174666666666667,0.00011899673198129033,0.41712299999999997,0.00012004443621704467
112,0.4174233333333333,0.0001143163252655608,0.4170756666666666,0.00011539593676653133
113,0.41737166666666664,0.00010830307269675051,0.41701800000000006,0.00011424826767468382
114,0.41734066666666664,0.00010853673213352459,0.4169846666666667,0.00011901353797875721
115,0.41731066666666666,0.00012020630414230588,0.416952,0.0001280859086707161
116,0.41727833333333336,0.00011653135009753733,0.41691833333333334,0.000122317437659383
117,0.4172276666666666,0.00011264496832476476,0.41686500000000004,0.0001219918030033224
118,0.41717966666666667,0.00011820979466845478,0.41681566666666664,0.00013362967069065372
119,0.41715833333333335,0.00011745732085411037,0.41679099999999997,0.0001350283920761381
120,0.417117,0.00013606126071246465,0.41674533333333336,0.00015107687520670153
121,0.41707366666666673,0.00012071269840224555,0.416699,0.00013160800380929152
122,0.41705566666666666,0.00012421576210591565,0.41667633333333337,0.00013124108435327278
123,0.4170213333333333,0.00011961698132884017,0.4166396666666667,0.00012222747463459918
124,0.41697566666666663,0.00012177939982699341,0.41658900000000004,0.0001280859086707161
125,0.4169446666666667,0.00011604692537455208,0.4165563333333333,0.00011991478455785615
126,0.416911,0.00011313708498985609,0.4165183333333333,0.00011299655845298889
127,0.41687633333333335,0.00011034894149418424,0.41648199999999996,0.00011768035803254091
128,0.41683433333333336,0.0001032935407252385,0.41643633333333335,0.00011605267003488271
129,0.41680133333333336,0.00010113467368921686,0.41639866666666664,0.00011332647038044234
130,0.4167653333333334,9.19758422389006e-05,0.41636000000000006,0.00010846504813380732
131,0.41672200000000004,0.00010255730105652726,0.41631633333333334,0.00010785896140589146
132,0.41669,0.00011255517165668969,0.41627966666666666,0.00011077404429237839
133,0.41665599999999997,0.00011473738129601596,0.41624333333333335,0.00011676852696205867
134,0.41663266666666665,0.00010906063553005679,0.4162173333333333,0.00011267751427069461
135,0.41658533333333336,0.00011144305970114917,0.41616766666666666,9.949651026821322e-05
136,0.41655400000000004,0.00010355996652503387,0.41613266666666665,0.00010172293524840848
137,0.41653066666666666,0.00010232736138927533,0.41610733333333333,0.00010525313402566485
138,0.4164943333333333,8.882317015032617e-05,0.41606799999999994,9.302687783645823e-05
139,0.41646199999999994,7.990410919762838e-05,0.41603199999999996,8.5568685861126e-05
140,0.41642033333333334,6.494270979528973e-05,0.415988,8.924498118473386e-05
141,0.41639766666666667,6.471132478597001e-05,0.41596066666666665,9.02453446013687e-05
142,0.41636999999999996,5.8292366567157945e-05,0.41593066666666667,8.349184923624325e-05
143,0.41633533333333334,6.530101241345858e-05,0.41589633333333337,8.539060578048587e-05
144,0.41630700000000004,7.333939368898058e-05,0.4158656666666667,9.23231041265142e-05
145,0.41628266666666675,6.974875546480361e-05,0.4158386666666667,8.53320312400783e-05
146,0.41625,6.574698979169667e-05,0.41580233333333333,8.605553762284159e-05
147,0.41621833333333336,7.387075800943533e-05,0.4157676666666667,8.565174967403164e-05
148,0.41619,6.851277253185112e-05,0.41573566666666667,8.085515169458763e-05
149,0.41615599999999997,8.486459803712055e-05,0.41569900000000004,8.556089449432483e-05
150,0.41611133333333333,9.665172298287126e-05,0.4156516666666667,8.894317786590797e-05
151,0.41607299999999997,9.747136331592371e-05,0.41561133333333333,0.00010027406887569098
152,0.41604599999999997,0.00010496030995888583,0.41558466666666666,0.00010349342437511787
153,0.416012,0.00010513800454641253,0.4155473333333333,0.00010387920335123511
154,0.41598099999999993,9.122499657441357e-05,0.41551266666666664,9.085641908466065e-05
155,0.41596133333333335,9.398345007972863e-05,0.415489,9.970957827611321e-05
156,0.41594133333333333,9.287027990099226e-05,0.41546533333333335,0.00010018094740130286
157,0.4159143333333333,9.256469209271803e-05,0.415435,0.00010187574130609361
158,0.4158926666666667,8.971188450936643e-05,0.4154113333333333,9.817444790891861e-05
159,0.4158753333333333,9.115676363032852e-05,0.415391,9.334166629466456e-05
160,0.415856,8.766223055948227e-05,0.41536899999999993,9.565563234854197e-05
161,0.415823,8.323861283484554e-05,0.415332,9.468896451010943e-05
162,0.41578833333333326,8.427863839010304e-05,0.4152943333333334,9.409687679312366e-05
163,0.4157636666666667,7.985125059898237e-05,0.41526766666666665,8.819045047823498e-05
164,0.4157296666666667,8.041696891136188e-05,0.4152306666666667,9.529719594802593e-05
165,0.41570899999999994,7.560864148142111e-05,0.41520599999999996,9.382252750095033e-05
166,0.4156843333333334,8.028836915907598e-05,0.415178,0.00010492219339428498
167,0.4156503333333333,8.349184923625352e-05,0.41514100000000004,0.00010766924661511661
168,0.4156283333333333,8.581504659569504e-05,0.41511566666666666,0.00010509149452845168
169,0.415599,9.1151887894144e-05,0.4150846666666666,0.00011565561906895924
170,0.4155736666666667,9.594906055933405e-05,0.4150546666666666,0.0001142200605070179
171,0.41555433333333336,0.00010627114168745009,0.41503266666666666,0.00012176845057549237
172,0.41553866666666667,0.00010907591647819041,0.4150143333333333,0.00012315933672370043
173,0.41551299999999997,0.00010002333061174421,0.4149873333333334,0.00011567291049430869
174,0.4154773333333333,9.555917305814497e-05,0.41494800000000004,0.00011203868379566966
175,0.4154613333333333,9.657236779857584e-05,0.41493033333333335,0.00011489512125798797
176,0.4154426666666667,9.609139168288898e-05,0.414908,0.00011442901729893316
177,0.41541466666666665,9.527620666018404e-05,0.4148766666666666,0.00011561526235273132
178,0.4153993333333334,0.0001016999945373096,0.41485900000000003,0.00011960211815291384
179,0.415372,0.00011126844416395093,0.41482833333333335,0.0001290021532981263
180,0.41536066666666666,0.00010595701434491966,0.4148156666666667,0.00012541220922312804
181,0.41534333333333334,0.00010410358089689323,0.414797,0.0001198081800212273
182,0.4153276666666667,0.00011186400473590794,0.41477800000000004,0.00012523843925356983
183,0.4153036666666667,0.0001037122086459689,0.41475100000000004,0.00012075043133117105
184,0.4152926666666667,0.00010941155738260944,0.41473766666666667,0.00012346749459765479
185,0.41526599999999997,0.00011921688918380111,0.414708,0.00013013070352532649
186,0.41524266666666665,0.00011679136193325848,0.4146816666666666,0.0001233864750376714
187,0.4152266666666667,0.00012796179985537006,0.4146643333333333,0.0001319755869680223
188,0.41520566666666664,0.00012291008456952478,0.41464100000000004,0.0001257961313660726
189,0.4151896666666666,0.00012721722455005804,0.41462099999999996,0.00012854052538659652
190,0.41516366666666665,0.00012180403204419635,0.414593,0.00012370125302519028
191,0.41513833333333333,0.00012159038704692536,0.4145636666666667,0.00012625195268017536
192,0.41510833333333336,0.00011875558466400434,0.4145293333333333,0.00011845205312229684
193,0.41509466666666667,0.00011860391599306257,0.4145126666666667,0.00011728408057172526
194,0.4150723333333333,0.00011611010100570716,0.4144873333333334,0.00011389273706236942
195,0.41505733333333333,0.00011235163055732788,0.414469,0.00011323427043082114
196,0.415038,0.00011947384651044258,0.41444733333333333,0.00011997314514322247
197,0.41500833333333337,0.00011816466853034967,0.414414,0.00012250714264891132
198,0.4149926666666666,0.00011125446308150763,0.41439633333333337,0.00011576220837946906
199,0.41497333333333336,0.00010926522268723247,0.4143723333333333,0.00011336176114057246
200,0.414958,0.00010214042621149732,0.4143543333333333,0.00010617700106687121
201,0.41492833333333334,9.391603815227919e-05,0.41432033333333335,9.607751500162982e-05
202,0.41491133333333335,8.644972848744266e-05,0.4143003333333333,9.389829012759968e-05
203,0.41488566666666665,8.754554370282719e-05,0.41427233333333335,9.624390312580201e-05
204,0.41485833333333333,9.455274835889731e-05,0.4142426666666667,0.00010584999868785905
205,0.41483800000000004,8.405157147054196e-05,0.41421899999999995,9.543933500747734e-05
206,0.41482166666666664,8.448010942753281e-05,0.41419999999999996,9.600347215944137e-05
207,0.4148013333333333,8.588493594468922e-05,0.414177,9.137103844582248e-05
208,0.4147803333333333,8.74236174548382e-05,0.41415266666666667,8.721365846138539e-05
209,0.4147623333333333,8.641501927069794e-05,0.4141333333333333,8.962638500403156e-05
210,0.4147456666666667,7.801851632072241e-05,0.41411266666666674,8.10774663858881e-05
211,0.4147273333333334,6.918734630618475e-05,0.41409233333333334,7.272933077896111e-05
212,0.41470433333333334,6.450495243691259e-05,0.41406666666666664,6.544887742014651e-05
213,0.41468299999999997,5.935205697080344e-05,0.414042,6.79411510058509e-05
214,0.4146696666666667,6.557607964969375e-05,0.41402633333333333,6.974875546480414e-05
215,0.4146596666666667,6.544887742012897e-05,0.41401366666666667,7.098513146347492e-05
216,0.41464000000000006,7.518421820213127e-05,0.41399100000000005,7.754998388136997e-05
217,0.4146263333333333,7.701659272881908e-05,0.4139736666666667,7.746540446475932e-05
218,0.41460933333333333,7.82744459507126e-05,0.4139536666666667,7.307226255943334e-05
219,0.414592,7.302510983673336e-05,0.41393199999999997,6.434801214230085e-05
220,0.41456866666666664,6.668499747986918e-05,0.413907,6.275879752406058e-05
221,0.4145483333333333,6.350503042190467e-05,0.4138836666666667,6.164594246357849e-05
222,0.4145296666666667,6.17215971565527e-05,0.4138616666666666,6.650480350236404e-05
223,0.4145126666666667,5.8174068296995754e-05,0.41384266666666675,7.282093716019451e-05
224,0.414494,5.787918451395306e-05,0.41382233333333335,6.615805989361824e-05
225,0.41447433333333333,6.176478680355918e-05,0.41379900000000003,6.557946833167924e-05
226,0.41445166666666666,6.651482708557315e-05,0.4137746666666667,6.865533887146267e-05
227,0.41444233333333336,7.179755489491783e-05,0.41376233333333334,7.057068954050228e-05
228,0.41441900000000004,7.052659073000656e-05,0.4137366666666667,6.821697410144164e-05
229,0.4144103333333333,6.900402564745788e-05,0.41372499999999995,7.027090436305607e-05
230,0.414393,6.964194138593046e-05,0.4137056666666667,7.66347759759805e-05
231,0.4143773333333333,7.055179342550024e-05,0.4136876666666667,7.717656523986344e-05
232,0.4143616666666667,6.589048152468339e-05,0.4136693333333333,7.024401912066813e-05
233,0.41435500000000003,6.619667665374337e-05,0.41366033333333335,6.949500381721769e-05
234,0.4143423333333333,6.621345952464155e-05,0.41364699999999993,6.902656493458112e-05
235,0.4143323333333333,6.373033465748005e-05,0.4136343333333334,6.917289128617537e-05
236,0.41431666666666667,6.027345094558662e-05,0.4136153333333333,6.931249686904774e-05
237,0.4143056666666667,6.165134944904252e-05,0.41360166666666665,7.387075800943533e-05
238,0.414299,5.8804761711961316e-05,0.41359233333333334,7.167674347761244e-05
239,0.4142843333333333,5.586491644036897e-05,0.4135746666666667,6.466494843078579e-05
240,0.414267,5.646828018159049e-05,0.41355499999999995,7.271863585079489e-05
241,0.41425433333333334,5.7852302364643774e-05,0.4135393333333333,7.292614224146763e-05
242,0.41423433333333337,5.815114406056926e-05,0.4135153333333334,7.213105356841035e-05
243,0.414225,5.7913728942280485e-05,0.41350299999999995,7.271863585079489e-05
244,0.414214,6.132427469336424e-05,0.4134893333333333,7.325905328960391e-05
245,0.414204,5.909878735360749e-05,0.4134773333333333,7.077821384831025e-05
246,0.414188,6.12045749924018e-05,0.4134583333333333,7.047142841054404e-05
247,0.41416800000000004,5.961543424316827e-05,0.41343599999999997,6.818113130968297e-05
248,0.4141553333333334,5.796742380184177e-05,0.41342100000000004,6.9229088298694e-05
249,0.41414100000000004,5.6409219104692304e-05,0.41340366666666667,7.321809126772901e-05
250,0.414125,5.5970230182372086e-05,0.41338500000000006,6.980448887188454e-05
251,0.4141106666666667,5.429139485732478e-05,0.41336733333333325,6.711350253282722e-05
252,0.414086,4.7693465660055816e-05,0.41333933333333334,6.411621393132102e-05
253,0.41407666666666665,4.614710777019875e-05,0.413327,6.125357132447017e-05
254,0.414062,4.9071376585547277e-05,0.41331066666666666,5.5858949347649476e-05
255,0.41404899999999994,4.833218389437456e-05,0.41329600000000005,5.0126506627381487e-05
256,0.41403299999999993,4.54386032649249e-05,0.41327800000000003,5.107510809255399e-05
257,0.414017,4.4862753667910956e-05,0.41325966666666664,5.317476427363265e-05
258,0.4140016666666666,4.608205242342204e-05,0.4132416666666667,5.3174764273609226e-05
259,0.41398699999999994,4.411349000023067e-05,0.413225,5.103593505233448e-05
260,0.413973,4.6669047558293393e-05,0.4132093333333334,4.634891824219148e-05
261,0.413961,4.3135445594865205e-05,0.413195,4.613747572923454e-05
262,0.41395266666666664,4.187547678004164e-05,0.413184,5.233227175144805e-05
263,0.4139376666666667,4.60820524234322e-05,0.4131663333333333,5.1937997223180606e-05
264,0.4139186666666667,4.5638677554130524e-05,0.41314633333333334,5.879531349425594e-05
265,0.41390466666666664,4.30297055016123e-05,0.4131296666666667,5.682917873377747e-05
266,0.41389066666666663,4.488751373032339e-05,0.41311366666666666,6.166756756099181e-05
267,0.413877,4.477350406956616e-05,0.413098,6.249799996800464e-05
268,0.41386566666666663,4.682829154356431e-05,0.4130833333333333,6.287200401522999e-05
269,0.413857,4.463929509599788e-05,0.41307266666666664,6.298324292133801e-05
270,0.4138443333333333,4.902607016227104e-05,0.413057,6.654822812568322e-05
271,0.4138306666666667,5.0624982853226115e-05,0.41304100000000005,6.899758449877238e-05
272,0.41382,5.3522580904384315e-05,0.413028,6.790189000805915e-05
273,0.41380733333333336,5.5427630494386094e-05,0.4130126666666667,7.393841281017646e-05
274,0.4137926666666667,5.246797965321e-05,0.4129946666666667,7.266972470630089e-05
275,0.4137733333333333,5.3667701853366745e-05,0.41297366666666663,7.390233795732102e-05
276,0.41376033333333334,5.438341250377066e-05,0.4129576666666666,7.31224239812113e-05
277,0.413748,5.717225434304155e-05,0.412943,7.301141463269468e-05
278,0.41373,5.115336417740444e-05,0.412923,6.538093503970718e-05
279,0.41371833333333335,4.874650984656556e-05,0.41290866666666665,6.328945848683137e-05
280,0.413703,5.025932749251018e-05,0.41289,6.494613152450354e-05
281,0.41369566666666663,4.832068800099077e-05,0.41288133333333327,6.329999122345682e-05
282,0.4136856666666667,4.378990243830626e-05,0.4128686666666666,5.9275252471464305e-05
283,0.4136786666666667,4.496912521077318e-05,0.4128593333333333,6.169999099586227e-05
284,0.4136683333333333,3.933050837314726e-05,0.41284566666666667,5.753453069436862e-05
285,0.413658,4.172129751898018e-05,0.4128326666666666,5.6013887166982564e-05
286,0.41364533333333336,4.502098276234995e-05,0.4128176666666667,5.6747001878709296e-05
287,0.413633,4.952440475832114e-05,0.412803,6.086597297889155e-05
288,0.41362000000000004,5.3241587754945144e-05,0.412789,6.265780079126627e-05
289,0.41361000000000003,5.7312011539187353e-05,0.41277566666666665,6.494270979528973e-05
290,0.4136033333333333,5.765028669099777e-05,0.41276566666666664,6.350503042193789e-05
291,0.4135896666666667,5.6013887166982564e-05,0.41274999999999995,6.627216610312116e-05
292,0.41358200000000006,5.40555270069446e-05,0.41274133333333335,6.416818180030106e-05
293,0.41357399999999994,5.242772803265448e-05,0.41273099999999996,5.9233999245908775e-05
294,0.413565,5.132900414645606e-05,0.41272,5.760208329565942e-05
295,0.41355000000000003,4.463929509599788e-05,0.41270266666666666,5.7389507364625216e-05
296,0.41353899999999993,4.572380853195306e-05,0.41269,6.068497892121703e-05
297,0.4135243333333333,4.045024378446648e-05,0.4126726666666667,5.925275427260039e-05
298,0.41351066666666664,3.7240957142493466e-05,0.41265633333333335,5.921899094791159e-05
299,0.41349433333333335,3.6754440396908856e-05,0.4126376666666667,5.820843772360154e-05
300,0.4134873333333333,3.430581421406092e-05,0.412627,5.6874130029982554e-05
301,0.413479,3.650570731634734e-05,0.41261666666666663,6.012394605220902e-05
302,0.4134656666666667,4.208985098045669e-05,0.4126003333333334,6.371987305560012e-05
303,0.4134546666666667,4.2695302890242934e-05,0.41258666666666666,6.886863501543472e-05
304,0.41344433333333336,4.080304999492798e-05,0.4125729999999999,6.468384651518039e-05
305,0.4134353333333333,3.7915109858140866e-05,0.41256099999999996,6.174679478859944e-05
306,0.413425,3.7478882943157284e-05,0.41254799999999997,6.533503399145785e-05
307,0.413417,4.013311184876826e-05,0.4125383333333333,7.020129786706658e-05
308,0.41340233333333337,4.123375100838814e-05,0.4125213333333333,7.076879412723459e-05
309,0.413391,4.631054595517731e-05,0.412506,6.980448887188851e-05
310,0.4133776666666667,4.5294100670569256e-05,0.41248966666666664,6.842189383198702e-05
311,0.413364,4.2762912279992e-05,0.4124746666666667,6.913432979031144e-05
312,0.413354,4.508510470948614e-05,0.4124616666666667,7.42173983795078e-05
313,0.41333766666666666,4.0941692957453436e-05,0.41244333333333333,7.24998084288748e-05
314,0.413325,3.5505868059614396e-05,0.4124276666666667,6.604207413124121e-05
315,0.4133123333333333,3.475949110993913e-05,0.4124126666666667,6.790843508397369e-05
316,0.41330700000000004,3.5590260840087976e-05,0.4124046666666667,6.867475680497809e-05
317,0.41329466666666664,3.90412886854879e-05,0.41239066666666674,6.96866000190985e-05
318,0.413284,4.089824772123536e-05,0.4123773333333334,7.134112107023326e-05
319,0.41326966666666665,4.4229201012691016e-05,0.41236200000000006,8.086202240030428e-05
320,0.41325799999999996,4.172129751896909e-05,0.4123473333333334,7.547332126135689e-05
321,0.41325066666666666,4.0614720921799675e-05,0.4123386666666667,7.345898326427099e-05
322,0.413237,4.255192905930433e-05,0.412322,7.413501197140781e-05
323,0.41322233333333336,3.9617616732398126e-05,0.412305,7.023294573536211e-05
324,0.41321399999999997,3.9807871918347744e-05,0.41229466666666664,7.113523896228058e-05
325,0.4131996666666667,3.3668316791243123e-05,0.412278,6.502819901139545e-05
326,0.4131936666666667,3.465384378232145e-05,0.41227033333333335,6.405379683427592e-05
327,0.413181,3.612016980394571e-05,0.41225500000000004,6.496665811527312e-05
328,0.41317733333333334,3.6261396675925455e-05,0.4122496666666666,6.326838775320032e-05
329,0.4131656666666667,3.91606378338731e-05,0.41223633333333337,6.17215971565402e-05
330,0.41315300000000005,3.069201850644194e-05,0.41222033333333336,5.8846315848055886e-05
331,0.41314599999999996,3.424422092363387e-05,0.41220999999999997,6.280658139610384e-05
332,0.41313400000000006,3.527983371087106e-05,0.41219766666666663,6.361516241344795e-05
333,0.413124,3.424422092363387e-05,0.41218466666666664,6.17215971565527e-05
334,0.41311633333333336,3.6123245824375226e-05,0.412174,6.021627686929868e-05
335,0.4131073333333333,3.7151342132182174e-05,0.4121633333333334,5.7203341005772754e-05
336,0.41309766666666664,3.963444069098951e-05,0.412152,5.457716250106034e-05
337,0.4130853333333333,3.796782263385485e-05,0.41213733333333336,5.5047454275592725e-05
338,0.413074,4.255192905928519e-05,0.41212166666666666,5.3903205429303155e-05
339,0.4130643333333333,4.0285095120759385e-05,0.412109,5.078057371345178e-05
340,0.41305300000000006,4.364248694412951e-05,0.41209466666666666,5.0446891766381846e-05
341,0.4130453333333333,4.37060890748852e-05,0.41208433333333333,4.9868716535401e-05
342,0.4130376666666667,4.472384400094919e-05,0.412074,5.242772803265448e-05
343,0.41303133333333336,4.231889517568463e-05,0.41206499999999996,4.8641546028075264e-05
344,0.4130226666666667,3.866379299666811e-05,0.4120536666666667,4.812714641678141e-05
345,0.4130116666666666,3.786232369459273e-05,0.41203966666666664,4.8320688000998686e-05
346,0.4130036666666667,4.4047953666692125e-05,0.4120293333333333,4.663570401406976e-05
347,0.4129833333333333,4.1120419366653274e-05,0.4120073333333334,4.314574782704132e-05
348,0.41297333333333336,4.0144184579529084e-05,0.41199433333333335,4.1795799895305844e-05
349,0.41296666666666665,3.946587837050821e-05,0.41198466666666667,4.6197643037517106e-05
350,0.4129583333333333,4.2851163604049565e-05,0.4119743333333334,4.6132658954608e-05
351,0.4129506666666667,4.2679685513794915e-05,0.4119646666666667,4.8320688000978005e-05
352,0.4129446666666667,4.2679685513794915e-05,0.411955,4.737791327892939e-05
353,0.41293,4.733568069295912e-05,0.4119373333333334,4.614710777020129e-05
354,0.41291966666666663,4.970803646181514e-05,0.41192433333333334,4.4153771702489016e-05
355,0.4129133333333333,5.1135984285902327e-05,0.4119156666666666,4.783536581049128e-05
356,0.4129053333333334,5.706915882410017e-05,0.41190599999999994,4.864154602805054e-05
357,0.4128966666666667,5.4469155389905685e-05,0.4118946666666667,4.82516551241652e-05
358,0.412888,5.650368719533021e-05,0.4118846666666667,4.739432689913454e-05
359,0.4128826666666667,5.3804171668105494e-05,0.4118756666666667,4.563867755410809e-05
360,0.41287433333333334,5.328122454383436e-05,0.4118646666666666,4.4017673218339605e-05
361,0.41286566666666663,5.092041721045786e-05,0.4118546666666667,4.0144184579527234e-05
362,0.41285566666666673,4.784233364802069e-05,0.41184099999999996,3.79736750920765e-05
363,0.41284866666666664,4.923639123883126e-05,0.4118303333333333,3.838691906830716e-05
364,0.41283933333333334,4.823783669372514e-05,0.41181833333333334,4.3698461706957606e-05
365,0.41283033333333335,5.073679357451484e-05,0.41180633333333333,4.3438334324520765e-05
366,0.4128213333333333,4.994886273869674e-05,0.41179533333333335,4.181174741892321e-05
367,0.41281066666666666,4.6764183825765965e-05,0.4117819999999999,4.1239139984573584e-05
368,0.4128003333333334,4.5791799362861286e-05,0.4117693333333334,4.327688631231124e-05
369,0.41278733333333334,5.249973544908887e-05,0.41175466666666666,4.726050735610973e-05
370,0.4127783333333333,5.333124995930197e-05,0.41174333333333335,4.428945196721475e-05
371,0.41276866666666673,5.360555526767954e-05,0.411731,4.329742101634424e-05
372,0.4127636666666667,5.144792404840317e-05,0.4117233333333334,4.2967688118186215e-05
373,0.4127543333333334,4.5675181687915064e-05,0.41171033333333334,3.963444069101162e-05
374,0.4127433333333334,4.553631029800613e-05,0.41169833333333333,4.371371511193872e-05
375,0.41272933333333334,4.713338048089686e-05,0.41168200000000005,4.329742101634338e-05
376,0.4127183333333333,5.0624982853211736e-05,0.411669,4.396210489348352e-05
377,0.4127126666666667,4.7751672454726415e-05,0.4116596666666667,4.331538089667472e-05
378,0.4127073333333333,5.060522590493029e-05,0.41165,4.510727953076605e-05
379,0.4126996666666667,4.914151899247881e-05,0.4116413333333333,4.216106682182492e-05
380,0.41269366666666674,4.713338048087252e-05,0.4116336666666667,4.005274300496478e-05
381,0.4126843333333334,4.706260605712434e-05,0.411622,3.7665191711527234e-05
382,0.41267733333333334,4.768181577452365e-05,0.4116123333333334,3.6935379004733194e-05
383,0.41266433333333336,4.70626060571415e-05,0.4115963333333333,3.856019824754696e-05
384,0.41265666666666667,4.4783429475158366e-05,0.4115866666666667,3.9617616732408555e-05
385,0.41265066666666667,4.282003684671931e-05,0.4115783333333333,3.9617616732408555e-05
386,0.41264066666666666,4.3207509635371246e-05,0.41156533333333334,4.249967320135516e-05
387,0.41263266666666665,4.520570268843934e-05,0.41155533333333333,4.576267280461519e-05
388,0.4126266666666667,4.6016905106227103e-05,0.4115473333333333,4.572623851673062e-05
389,0.41261433333333336,4.969462300447671e-05,0.411532,4.6267339092125956e-05
390,0.41260600000000003,5.452216674588782e-05,0.41152133333333335,4.943233309844886e-05
391,0.41259566666666664,5.7389507364625216e-05,0.41150899999999996,5.158165048413186e-05
392,0.41259,5.975505557413871e-05,0.4115003333333333,5.177086267605273e-05
393,0.41258066666666665,5.801915392543828e-05,0.41148866666666667,5.1693541397566225e-05
394,0.412571,5.5593764638360056e-05,0.41147633333333333,5.024163833139385e-05
395,0.412566,5.633826408400145e-05,0.4114686666666667,5.294231661807325e-05
396,0.412561,5.3091116645513246e-05,0.4114606666666667,4.991548412623105e-05
397,0.412557,5.348520044522895e-05,0.4114546666666667,5.0730223294957025e-05
398,0.41255299999999995,5.472354764329244e-05,0.41144800000000004,5.2782572881605026e-05
399,0.4125433333333333,5.513821018333871e-05,0.411435,5.289612462174866e-05
400,0.41253566666666663,5.734883511362969e-05,0.41142433333333334,5.773695138778566e-05
401,0.41252966666666663,5.724993934981082e-05,0.4114166666666667,5.7482364445289305e-05
402,0.41252333333333335,5.764450441186022e-05,0.41140766666666667,5.81626073082206e-05
403,0.41251366666666667,5.634615238763119e-05,0.41139466666666663,5.310576449145428e-05
404,0.412507,5.4301626740516914e-05,0.4113873333333333,5.3667701853366745e-05
405,0.41249666666666673,5.6758748713793764e-05,0.4113733333333333,5.623956693368825e-05
406,0.4124936666666667,5.7156704671347627e-05,0.4113693333333333,5.623956693368825e-05
407,0.4124853333333333,5.5126118028469384e-05,0.41135866666666665,5.2942316618073254e-05
408,0.4124726666666667,5.267721413370793e-05,0.411344,5.270673581241359e-05
409,0.4124663333333333,5.1031580636128106e-05,0.41133533333333333,4.9862031870178335e-05
410,0.4124573333333333,5.438341250377066e-05,0.4113243333333334,5.438341250377066e-05
411,0.41245100000000007,5.797125724585853e-05,0.411316,5.354126134734779e-05
412,0.412444,5.59344854867424e-05,0.41130700000000003,5.3372901988437964e-05
413,0.41243633333333335,5.4291394857348863e-05,0.4112976666666666,5.7156704671370185e-05
414,0.41242599999999996,5.759050847724766e-05,0.41128600000000004,6.048691318513322e-05
415,0.41241733333333336,5.8976454812247e-05,0.411275,6.451873113034032e-05
416,0.4124126666666667,5.8357138000030434e-05,0.41126900000000005,6.573177821012355e-05
417,0.4124043333333334,6.059886320899947e-05,0.41125799999999996,6.821045863112398e-05
418,0.4123953333333333,5.73720799305417e-05,0.4112453333333333,6.491190611557034e-05
419,0.412385,6.103004724450757e-05,0.41123266666666664,7.063678613553648e-05
420,0.41237366666666664,6.401215162417369e-05,0.4112196666666666,6.804573625306812e-05
421,0.412369,6.283841712412566e-05,0.41121266666666667,6.793297350248187e-05
422,0.41236300000000004,6.042074698864294e-05,0.4112036666666667,6.659496143771077e-05
423,0.4123563333333333,5.873291713815136e-05,0.4111943333333334,6.493244352573896e-05
424,0.412348,5.909878735360749e-05,0.4111846666666667,6.534693735915962e-05
425,0.412342,5.8400913234882156e-05,0.4111753333333333,6.248377567193024e-05
426,0.41233766666666666,5.522278112841202e-05,0.411168,6.125357132444722e-05
427,0.4123316666666667,5.441405047310783e-05,0.4111603333333333,6.12662676809575e-05
428,0.4123246666666667,5.281624329271361e-05,0.41115166666666664,5.6770493118247353e-05
429,0.412313,5.208326666664163e-05,0.41113700000000003,5.6786148545809254e-05
430,0.4123063333333333,5.055909633511901e-05,0.41112866666666664,5.6013887166983994e-05
431,0.4122966666666666,4.71475226166648e-05,0.41111733333333333,5.522278112841202e-05
432,0.41229000000000005,4.3335897360049655e-05,0.4111086666666666,5.229616514515619e-05
433,0.412285,4.348179695765258e-05,0.4111016666666667,5.044689176638601e-05
434,0.4122806666666666,4.434210439550832e-05,0.4110943333333333,5.118159391379099e-05
435,0.4122723333333333,4.165199741776286e-05,0.411084,5.212165257036829e-05
436,0.41226633333333335,4.165199741776287e-05,0.411075,5.187163643714037e-05
437,0.41225566666666663,4.2944408509408566e-05,0.41106233333333336,4.956701412118106e-05
438,0.4122463333333333,4.776563153099416e-05,0.411051,4.944357052909843e-05
439,0.412244,4.901020301935244e-05,0.4110456666666667,4.8182523341516764e-05
440,0.41223600000000005,4.9403103816116254e-05,0.41103533333333336,4.8595838870802105e-05
441,0.41222933333333334,4.981521409726178e-05,0.4110256666666667,4.942558941366505e-05
442,0.412223,4.532107677451008e-05,0.41101766666666667,4.7639852597963254e-05
443,0.4122156666666667,4.573352769638041e-05,0.41100733333333334,4.630574718351305e-05
444,0.41220999999999997,4.411349000022395e-05,0.4109993333333333,4.82516551241652e-05
445,0.41220166666666663,4.4917207788947605e-05,0.41098866666666667,4.6506869265603236e-05
446,0.41219633333333333,4.413111776915983e-05,0.41098100000000004,4.41437047229577e-05
447,0.412186,4.301162633522173e-05,0.4109686666666667,4.88284980541198e-05
448,0.4121813333333333,4.3269183285810156e-05,0.41096233333333326,5.062498285323672e-05
449,0.4121763333333333,4.509496153180171e-05,0.4109556666666667,5.311831657305106e-05
450,0.41217,3.8609152628180916e-05,0.41094633333333336,4.8780688346476787e-05
451,0.4121653333333333,4.170797951897527e-05,0.4109396666666667,4.723228650920603e-05
452,0.41215966666666665,4.1771867194184704e-05,0.41093166666666664,4.9141518992497764e-05
453,0.41215433333333334,4.289781139199257e-05,0.4109236666666667,4.748567035315953e-05
454,0.4121456666666667,4.2944408509408566e-05,0.4109123333333333,4.823783669370009e-05
455,0.41214033333333333,4.252319628417003e-05,0.4109046666666667,4.755581516025657e-05
456,0.41213266666666665,4.482806660513388e-05,0.4108953333333334,5.062498285321747e-05
457,0.41212733333333335,4.751374070260787e-05,0.4108866666666667,5.390320542932776e-05
458,0.4121186666666667,4.800925836636787e-05,0.41087566666666664,5.845416057807717e-05
459,0.4121143333333334,4.8320688000998686e-05,0.4108686666666666,6.03563492011194e-05
460,0.4121086666666667,4.922284925610358e-05,0.4108603333333333,6.295677529507666e-05
461,0.4121026666666667,5.01619599120852e-05,0.4108513333333333,6.264361278072765e-05
462,0.41209500000000004,5.0039984012785486e-05,0.4108416666666667,6.521928821718838e-05
463,0.41208700000000004,5.2782572881605026e-05,0.4108313333333333,6.47679619016069e-05
464,0.4120816666666667,5.1545018080207553e-05,0.410824,6.494613152451122e-05
465,0.4120733333333333,5.0972759609647426e-05,0.4108133333333333,6.057685660015702e-05
466,0.41206733333333334,4.9882083178447936e-05,0.4108056666666667,6.21896740267601e-05
467,0.41206366666666666,4.938510796675295e-05,0.4107993333333333,6.369894469732818e-05
468,0.41205566666666665,4.754179447834341e-05,0.41078966666666666,6.3299991223454e-05
469,0.412051,4.928150430604669e-05,0.41078433333333336,6.454627969313252e-05
470,0.41204366666666664,4.9935513971066576e-05,0.41077433333333335,6.624365797737229e-05
471,0.41203133333333336,4.228737662969884e-05,0.41075900000000004,6.159545437773499e-05
472,0.4120190000000001,4.0356742518025246e-05,0.4107443333333333,6.144012442115898e-05
473,0.41201400000000005,3.7496666518509785e-05,0.4107366666666666,6.147809004477525e-05
474,0.41201,3.7496666518509785e-05,0.41073033333333336,6.19480068731557e-05
475,0.412007,3.832318706301195e-05,0.41072533333333333,6.127714817850688e-05
476,0.4119976666666667,4.259368758656879e-05,0.41071433333333335,6.0024069246331386e-05
477,0.4119953333333333,4.289781139199257e-05,0.41070866666666667,6.033425413660734e-05
478,0.41198966666666664,4.461937795272182e-05,0.41070199999999996,6.237520875049704e-05
479,0.41198533333333337,4.6312945154576226e-05,0.41069500000000003,6.15954543777524e-05
480,0.411978,4.4324560535522e-05,0.41068466666666664,6.110828276282441e-05
481,0.4119726666666666,4.66571418851318e-05,0.41067633333333325,6.329472507424115e-05
482,0.4119676666666667,4.8057835527153064e-05,0.4106696666666667,6.380351784100754e-05
483,0.411963,5.016638981096033e-05,0.4106623333333333,6.431346843562385e-05
484,0.41195033333333336,4.136289265620496e-05,0.41064666666666666,5.864204028586263e-05
485,0.4119463333333333,4.123375100838814e-05,0.41064066666666665,5.914013489632929e-05
486,0.4119413333333333,4.1362892656214044e-05,0.4106343333333333,5.82084377235936e-05
487,0.41193366666666664,4.4229201012691016e-05,0.4106246666666667,6.345777248602995e-05
488,0.4119253333333333,4.739432689915796e-05,0.41061499999999995,6.403644795478231e-05
489,0.41192066666666666,4.711923410053519e-05,0.4106083333333333,6.280304309681098e-05
490,0.41191666666666665,4.7786562499893214e-05,0.4106016666666667,6.282426990336517e-05
491,0.41191266666666665,4.860955553065472e-05,0.41059466666666666,6.249444419751565e-05
492,0.41190600000000005,4.825626038834287e-05,0.4105856666666667,6.249444419750727e-05
493,0.41189866666666664,4.90328687945462e-05,0.410576,6.528399497579031e-05
494,0.41189133333333333,4.9466037731853656e-05,0.4105666666666667,6.265957406670959e-05
495,0.4118813333333334,4.786323107448051e-05,0.4105546666666666,6.269680126518414e-05
496,0.41187799999999997,4.528428719397084e-05,0.410549,6.125357132443754e-05
497,0.411875,4.59637538356637e-05,0.4105436666666667,6.387661717893647e-05
498,0.4118676666666667,4.409333534927019e-05,0.41053466666666666,6.22914297654384e-05
499,0.41186100000000003,4.596375383567658e-05,0.41052566666666673,6.378261692829317e-05
500,0.411857,4.666904755829339e-05,0.4105196666666666,6.398089992767227e-05
501,0.41185133333333335,4.57335276963734e-05,0.410511,6.200537611098998e-05
502,0.411847,4.737791327894071e-05,0.410504,6.351377803281828e-05
503,0.4118443333333334,4.7147522616672385e-05,0.410499,6.287023673141684e-05
504,0.4118403333333333,4.789108012517273e-05,0.4104926666666667,6.20609019879412e-05
505,0.41183433333333336,4.9276994857869934e-05,0.410485,6.578753681359183e-05
506,0.4118273333333333,4.57335276963734e-05,0.4104749999999999,6.190853468357114e-05
507,0.41182433333333335,4.572623851673655e-05,0.41046966666666673,6.362564123229968e-05
508,0.411821,4.6669047558319557e-05,0.4104643333333333,6.491190611556198e-05
509,0.41181666666666666,4.690652643526611e-05,0.410458,6.604543890383985e-05
510,0.41181,5.028584956692152e-05,0.4104493333333334,7.071224944960409e-05
511,0.411803,5.107510809254566e-05,0.41043999999999997,7.183778021810435e-05
512,0.411799,4.9826365176143956e-05,0.410434,7.23509963073736e-05
513,0.4117916666666666,5.010877057850746e-05,0.41042399999999996,7.175421009715409e-05
514,0.41178733333333334,5.063156678945905e-05,0.41041733333333336,7.343629136120779e-05
515,0.4117836666666667,5.0611812411280136e-05,0.4104113333333333,7.335908638713102e-05
516,0.4117796666666667,5.2499735449061494e-05,0.4104046666666667,7.578185065627856e-05
517,0.4117753333333334,5.3080651423636015e-05,0.41039899999999996,7.494442385305917e-05
518,0.41176866666666667,5.446915538989968e-05,0.41038966666666665,7.942431757480375e-05
519,0.41175999999999996,5.276994093862125e-05,0.410377,7.812809993849842e-05
520,0.41175500000000004,5.0839617097971144e-05,0.41036999999999996,7.79358710735814e-05
521,0.41175000000000006,5.27699409386465e-05,0.41036266666666665,7.934033582542996e-05
522,0.41174533333333335,5.402057221303192e-05,0.4103556666666666,7.821480394116174e-05
523,0.4117416666666667,5.0769632218048666e-05,0.4103483333333333,7.418145919897439e-05
524,0.41173299999999996,5.0523921726901175e-05,0.410337,7.716216689544646e-05
525,0.4117296666666667,5.193799722319973e-05,0.410331,7.923383115816129e-05
526,0.411723,4.788179890800652e-05,0.4103213333333333,7.80441470508186e-05
527,0.4117173333333333,4.6420780787152265e-05,0.4103133333333333,7.5198995265159e-05
528,0.4117133333333333,4.614710777022348e-05,0.4103073333333333,7.377593705869934e-05
529,0.41170733333333337,4.561676105215034e-05,0.41029933333333335,7.307226255943334e-05
530,0.4117026666666666,4.582818152863342e-05,0.4102926666666667,7.402852303148767e-05
531,0.41169666666666666,4.596617113583608e-05,0.41028366666666666,7.558365490559765e-05
532,0.41168866666666665,4.4017673218336386e-05,0.41027199999999997,7.438189743926275e-05
533,0.4116853333333334,4.428945196721475e-05,0.41026633333333334,7.245381670800799e-05
534,0.411684,4.436965930303649e-05,0.41026266666666666,7.12990571855936e-05
535,0.41167899999999996,4.257542327056336e-05,0.41025533333333336,6.745533501674081e-05
536,0.411673,4.1214884042860504e-05,0.41024733333333335,6.685473472803955e-05
537,0.4116676666666667,4.0745824598609586e-05,0.4102406666666667,6.560657148656877e-05
538,0.41166233333333335,4.047495796442653e-05,0.410233,6.294441992741608e-05
539,0.411657,4.0274061131206225e-05,0.41022699999999995,6.368673331237403e-05
540,0.41165333333333337,3.9508086373424724e-05,0.41022099999999995,6.44515321772931e-05
541,0.41164766666666663,3.738389433373428e-05,0.4102133333333333,6.188878914814394e-05
542,0.4116436666666667,3.785351884419476e-05,0.41020866666666667,6.060986351704012e-05
543,0.4116386666666667,3.878430381251663e-05,0.41020233333333334,6.252643885235741e-05
544,0.411634,3.9899874686518174e-05,0.41019500000000003,6.224682053460966e-05
545,0.4116296666666666,4.008601862106479e-05,0.41019,6.151964455901045e-05
546,0.41162566666666667,3.859476072674804e-05,0.41018233333333337,5.8948188173073896e-05
547,0.41162000000000004,3.7094473981968035e-05,0.41017600000000004,5.812629926862412e-05
548,0.41160966666666665,3.7791827452798816e-05,0.4101633333333334,5.687608362827113e-05
549,0.4116046666666667,3.638070306572295e-05,0.41015666666666667,5.640527950071585e-05
550,0.41159833333333334,3.7809463835863784e-05,0.41014766666666663,6.136955452194181e-05
551,0.41159300000000004,3.688721549083374e-05,0.41013966666666674,6.282957548445548e-05
552,0.41158866666666666,3.582674358012876e-05,0.410133,6.322973983814165e-05
553,0.4115836666666666,3.7034518432868803e-05,0.410126,6.309252464965335e-05
554,0.411576,3.4938040395344726e-05,0.4101146666666667,6.0140576060493723e-05
555,0.4115703333333333,3.315954697452949e-05,0.4101076666666666,5.956695579113062e-05
556,0.4115596666666667,2.99369708257671e-05,0.410096,5.651548460377577e-05
557,0.4115513333333333,2.9601051032389242e-05,0.41008500000000003,5.348520044524175e-05
558,0.41154566666666664,2.9272664533455685e-05,0.4100783333333333,5.517447074708698e-05
559,0.4115406666666666,3.137231617559169e-05,0.41007033333333337,5.8539635196068226e-05
560,0.4115356666666667,3.276515764582201e-05,0.410063,5.8126299268638766e-05
561,0.41153233333333333,3.162629004836635e-05,0.410058,5.6780278266318206e-05
562,0.41152666666666665,3.103045099395768e-05,0.41004966666666665,5.285409686634517e-05
563,0.411524,3.0408332191460037e-05,0.4100453333333333,5.054590872551973e-05
564,0.4115203333333333,2.8110891523080014e-05,0.41003999999999996,4.9739320461778986e-05
565,0.4115166666666667,2.8767265347173586e-05,0.4100346666666667,4.946603773184268e-05
566,0.41151199999999993,2.3551362310212287e-05,0.4100276666666667,4.798842453017346e-05
567,0.411505,2.5139610179953183e-05,0.4100186666666667,4.770977072071374e-05
568,0.411503,2.699382645469858e-05,0.410015,4.712395003250393e-05
569,0.4114956666666667,2.4253293018094438e-05,0.41000533333333333,4.922284925610358e-05
570,0.41149066666666667,2.503774927760912e-05,0.409999,4.9071376585547277e-05
571,0.41148000000000007,2.2226110770892618e-05,0.409985,4.393935214209103e-05
572,0.41147633333333333,2.3471022323056645e-05,0.4099793333333333,4.4462218668081596e-05
573,0.4114723333333334,2.428076513528882e-05,0.4099723333333333,4.2905581092535964e-05
574,0.41146900000000003,2.209072203437316e-05,0.4099676666666667,4.224005471376436e-05
575,0.411467,2.209072203437316e-05,0.4099636666666666,4.224005471376436e-05
576,0.4114603333333333,2.007209228977545e-05,0.40995566666666666,4.2695302890230364e-05
577,0.4114546666666667,1.9258475767525004e-05,0.4099486666666667,4.054901012628683e-05
578,0.41144800000000004,2.0848661028145186e-05,0.40993966666666665,3.710645346686089e-05
579,0.41144000000000003,1.849324200891342e-05,0.40992933333333337,4.0285095120759385e-05
580,0.41143633333333335,1.6937794687886074e-05,0.40992266666666666,4.0450243784443296e-05
581,0.4114343333333333,1.6779617264877815e-05,0.4099186666666667,4.08928138213026e-05
582,0.41142733333333337,2.082199691566479e-05,0.40991,4.1721297518955784e-05
583,0.41142199999999995,2.0016659728012166e-05,0.40990233333333337,4.190730511762936e-05
584,0.41141500000000003,1.4696938456691104e-05,0.40989433333333336,4.4499687889053345e-05
585,0.411411,1.7682382946507012e-05,0.40988833333333335,4.164399383130677e-05
586,0.4114073333333333,1.9223827807069937e-05,0.4098816666666667,4.252319628416858e-05
587,0.41140133333333334,1.9067132861427937e-05,0.40987366666666664,4.126607430914218e-05
588,0.4113976666666666,1.844511377632657e-05,0.4098676666666667,4.252319628416858e-05
589,0.411395,1.7378147196977787e-05,0.4098633333333333,4.2066085574441325e-05
590,0.41138933333333333,1.8873850222540325e-05,0.4098556666666667,4.3438334324518495e-05
591,0.411383,2.209072203437316e-05,0.40984766666666667,4.1875476780045906e-05
592,0.4113793333333333,2.1638443156144365e-05,0.409843,4.4098374875576264e-05
593,0.41137633333333334,2.2939534045446285e-05,0.4098376666666667,4.214525147893448e-05
594,0.41137466666666667,2.2454893057454114e-05,0.4098326666666667,4.4047953666692125e-05
595,0.411372,2.0607442021429805e-05,0.4098286666666667,4.2967688118186215e-05
596,0.4113656666666667,2.054804667655979e-05,0.40981933333333337,4.392670663224924e-05
597,0.41136466666666666,2.1359359124799895e-05,0.40981633333333334,4.392670663224475e-05
598,0.41135666666666665,1.7556258776347016e-05,0.4098056666666667,4.553631029801032e-05
599,0.4113526666666667,1.5691469727935452e-05,0.409799,4.744119166575316e-05
600,0.41134899999999996,1.6872067646453293e-05,0.4097923333333333,4.4946882230275345e-05
601,0.411345,1.6391054470841523e-05,0.40978633333333336,4.246043910381354e-05
602,0.41134133333333334,1.6996731711967544e-05,0.40978133333333333,4.375944342527431e-05
603,0.411337,1.6673332000533095e-05,0.4097746666666666,4.328458796795178e-05
604,0.41133400000000003,1.9612920911156707e-05,0.40976999999999997,4.138437708444145e-05
605,0.41133033333333335,2.0368821489939362e-05,0.4097633333333334,4.014418457952724e-05
606,0.4113253333333333,2.023747898220351e-05,0.4097566666666667,4.007770230716587e-05
607,0.41131933333333337,2.0949675149959762e-05,0.4097483333333333,4.1282226468805794e-05
608,0.4113153333333333,2.2291004663069136e-05,0.409742,4.1158231254495176e-05
609,0.41131133333333336,2.2305953365749888e-05,0.40973600000000004,3.9302247603250414e-05
610,0.4113093333333333,2.2305953365749888e-05,0.4097326666666667,3.89386982604915e-05
611,0.411306,2.3252240035461353e-05,0.40972666666666674,3.975200903379138e-05
612,0.4112996666666667,2.694851057521209e-05,0.4097176666666667,3.5966033358664796e-05
613,0.41129466666666664,3.046673960604821e-05,0.40970966666666664,3.3359989341865624e-05
614,0.4112896666666666,3.4586445643087323e-05,0.409703,3.1822423959619555e-05
615,0.41128566666666666,3.4586445643087323e-05,0.40969799999999995,3.188521078285989e-05
616,0.411281,3.341656275961697e-05,0.40969066666666665,3.517890782211265e-05
617,0.41127566666666665,3.340991203553443e-05,0.40968333333333334,3.288701195846922e-05
618,0.41126900000000005,3.2873494895833415e-05,0.40967466666666663,3.586394041684377e-05
619,0.4112633333333333,3.168946547708664e-05,0.40966600000000003,3.765634076751644e-05
620,0.411255,3.187475490102711e-05,0.4096553333333333,4.067213078044089e-05
621,0.411247,2.9877527787058515e-05,0.40964466666666666,3.907542563925451e-05
622,0.41124299999999997,3.1155523854801865e-05,0.40963900000000003,3.849675310984998e-05
623,0.411238,2.8612351645171914e-05,0.409631,4.076763422128575e-05
624,0.41123266666666664,2.9847761874050407e-05,0.4096236666666666,4.102302876299712e-05
625,0.4112266666666667,3.274480450730077e-05,0.409616,4.0356742518025246e-05
626,0.41122466666666674,3.225247621845658e-05,0.4096106666666666,4.369846170696763e-05
627,0.4112193333333333,3.18991466273732e-05,0.4096033333333333,4.208193066968163e-05
628,0.41121433333333335,3.5112517552692975e-05,0.4095953333333333,4.4078213313267366e-05
629,0.41121,3.634097778908582e-05,0.4095883333333333,4.4813192502015785e-05
630,0.41120566666666675,3.6754440396885864e-05,0.40958333333333335,4.4790872085968e-05
631,0.411202,3.3891985286592946e-05,0.4095773333333333,4.412356387338516e-05
632,0.4112,3.4292856398953465e-05,0.409572,4.4564559910312866e-05
633,0.41119633333333333,3.3983656202488414e-05,0.40956600000000004,4.249705872175487e-05
634,0.4111916666666667,3.1930480039549826e-05,0.4095586666666667,4.242902570436965e-05
635,0.4111876666666667,3.1930480039549826e-05,0.40955199999999997,4.121488404285243e-05
636,0.41118366666666667,3.0225081564069747e-05,0.40954599999999997,4.292629341867186e-05
637,0.4111793333333333,3.184685576664303e-05,0.4095393333333333,4.224005471377253e-05
638,0.411174,3.150661306246534e-05,0.4095326666666666,4.533088228666874e-05
639,0.4111686666666667,2.9408993333490048e-05,0.4095256666666667,4.212943019894482e-05
640,0.41116366666666665,2.9847761874027056e-05,0.40952000000000005,4.089824772121861e-05
641,0.41116,2.9810512687077502e-05,0.409514,4.140853374206759e-05
642,0.4111553333333333,2.9454296045840375e-05,0.4095073333333333,4.0433759272279744e-05
643,0.41115233333333334,2.9825417944352836e-05,0.40950166666666665,4.027681991197012e-05
644,0.41114999999999996,2.981051268710047e-05,0.409497,4.26223728418183e-05
645,0.411147,2.8994252303994355e-05,0.40949199999999997,4.196029869610398e-05
646,0.41114200000000006,3.0243456592554986e-05,0.4094866666666667,4.3091633629837155e-05
647,0.4111393333333333,3.1857320805263515e-05,0.40948133333333336,4.349201714745822e-05
648,0.41113533333333335,3.3489633553627926e-05,0.409476,4.318178628389081e-05
649,0.41113333333333335,3.392475333571082e-05,0.40947200000000006,4.4594469014277455e-05
650,0.41112966666666667,3.434465832638769e-05,0.4094663333333333,4.409333534927019e-05
651,0.411125,3.47658836600877e-05,0.40946,4.454959782833697e-05
652,0.411121,3.359563463704497e-05,0.409454,4.4564559910312866e-05
653,0.41111800000000004,3.513782387495819e-05,0.4094486666666666,4.2928881756798734e-05
654,0.41111533333333333,3.474030640177087e-05,0.4094443333333333,4.2679685513768766e-05
655,0.41111000000000003,3.595367389664036e-05,0.409437,3.8995726261554377e-05
656,0.41110533333333327,3.434465832638769e-05,0.40942999999999996,3.8893015654062345e-05
657,0.4111006666666666,3.17525152109568e-05,0.40942366666666663,3.653613127971e-05
658,0.41109633333333334,3.4836124290091656e-05,0.409418,3.466987164672102e-05
659,0.41109333333333337,3.5112517552694026e-05,0.40941266666666665,3.303869784897722e-05
660,0.4110856666666667,3.442221504914424e-05,0.409403,3.184336665618004e-05
661,0.41108300000000003,3.207283377979725e-05,0.4093986666666667,3.370789554720672e-05
662,0.4110776666666667,3.0466739606022906e-05,0.409391,3.2567877834857995e-05
663,0.411073,2.9676028485423854e-05,0.40938366666666665,3.445125380720651e-05
664,0.4110686666666667,3.118047822313747e-05,0.4093773333333333,3.489348872720027e-05
665,0.4110656666666667,2.957852073530032e-05,0.409372,3.466987164672101e-05
666,0.41106366666666666,3.04448499567558e-05,0.40936766666666663,3.7249906785875075e-05
667,0.41106033333333336,3.168946547706251e-05,0.4093613333333333,3.7007506746008504e-05
668,0.41105733333333333,2.97694847490268e-05,0.40935733333333335,3.702551672684867e-05
669,0.41105366666666665,3.077155974091436e-05,0.40935133333333334,3.8421637422442666e-05
670,0.411049,2.871701005792596e-05,0.409345,3.7585458180883947e-05
671,0.41104333333333337,2.694851057521484e-05,0.4093386666666667,3.9617616732398126e-05
672,0.4110386666666667,2.614489540150741e-05,0.40933233333333335,3.954182033689587e-05
673,0.4110323333333333,2.538153309440475e-05,0.409325,3.8884444190443226e-05
674,0.41102900000000003,2.4657656011876553e-05,0.4093196666666667,3.8125523675820364e-05
675,0.41102299999999997,2.30362033908936e-05,0.40931133333333336,3.8767110917489504e-05
676,0.41101766666666667,2.6637484032008714e-05,0.40930466666666665,3.4883934538528795e-05
677,0.411016,2.673325020768638e-05,0.4093016666666667,3.488393453854542e-05
678,0.4110116666666667,2.7438820836349897e-05,0.40929433333333337,3.522625283631115e-05
679,0.41100766666666666,2.9044027881065036e-05,0.409289,3.544009029332193e-05
680,0.4110026666666667,2.8534579412047057e-05,0.40928233333333336,3.350953429829348e-05
681,0.410998,2.7652606869271726e-05,0.4092753333333334,3.3717782977079185e-05
682,0.41099266666666673,2.5590796956905373e-05,0.40926866666666667,3.564952859280571e-05
683,0.41098799999999996,2.4535688292782312e-05,0.409262,3.432200460346085e-05
684,0.410984,2.3338094752296384e-05,0.409256,3.5898003658515115e-05
685,0.4109783333333333,1.993879523830658e-05,0.409248,3.741657386773233e-05
686,0.41097433333333333,1.8979521127330435e-05,0.40924266666666664,3.710645346686089e-05
687,0.41096933333333335,1.7326921891155208e-05,0.4092356666666666,3.6935379004711985e-05
688,0.4109663333333333,1.7249798710592345e-05,0.4092303333333333,3.736605708691294e-05
689,0.41096166666666667,1.5755069730776604e-05,0.4092246666666666,4.034297405443558e-05
690,0.410959,1.529705854077188e-05,0.40922,4.0108187027926217e-05
691,0.4109526666666667,1.3424687043735406e-05,0.40921133333333337,4.0285095120759385e-05
692,0.41094866666666663,1.558489297009251e-05,0.40920533333333337,3.8055515004049234e-05
693,0.41094500000000006,1.5577761927412808e-05,0.40919900000000003,3.617549815366633e-05
694,0.4109406666666667,1.3912424503147178e-05,0.4091923333333333,3.7606146069802194e-05
695,0.4109343333333333,1.3021349989744288e-05,0.4091833333333333,3.6745370078713213e-05
696,0.4109323333333333,1.2364824660673305e-05,0.40917966666666666,3.675444039688654e-05
697,0.410927,1.529705854077188e-05,0.40917133333333333,3.348963355360564e-05
698,0.41092533333333336,1.5434449203735734e-05,0.409167,3.4322004603472715e-05
699,0.41092233333333333,1.4839886193040406e-05,0.4091626666666666,3.434465832638769e-05
700,0.4109186666666667,1.4817407180610064e-05,0.40915799999999997,3.432200460344953e-05
701,0.4109156666666667,1.4055445761547908e-05,0.40915166666666664,3.553714801287499e-05
702,0.410914,1.344123010243147e-05,0.409147,3.674234614173909e-05
703,0.4109103333333333,1.2364824660647365e-05,0.40914133333333336,3.800292386412648e-05
704,0.41090566666666667,1.3597385369576213e-05,0.4091343333333333,3.6003086287448975e-05
705,0.41089933333333334,1.6336734339784145e-05,0.40912599999999993,3.3950945004041564e-05
706,0.4108963333333333,1.715290710701967e-05,0.40912,3.2619012860613515e-05
707,0.41089266666666663,1.7969109295920056e-05,0.40911500000000006,3.080043289738365e-05
708,0.4108833333333333,1.643843734124303e-05,0.40910466666666667,3.322983933487055e-05
709,0.4108796666666667,1.5542057635825943e-05,0.40909899999999993,3.2873494895833415e-05
710,0.41087633333333334,1.5195028426723775e-05,0.4090936666666667,3.3668316791243123e-05
711,0.41087233333333334,1.6006942938061358e-05,0.40908833333333333,3.302860712910554e-05
712,0.4108703333333333,1.73076733143262e-05,0.40908300000000003,3.2403703492037445e-05
713,0.41086666666666666,1.774510887225996e-05,0.4090783333333334,3.1329787033342094e-05
714,0.410863,1.8493242008913415e-05,0.4090723333333333,3.1961782734317616e-05
715,0.4108576666666666,1.844511377635031e-05,0.4090656666666666,3.0728199137319754e-05
716,0.41085433333333327,1.759419096053559e-05,0.4090593333333334,3.0466739606041328e-05
717,0.4108506666666667,1.7307673314322637e-05,0.4090533333333333,3.1255221785955444e-05
718,0.41084633333333337,2.017148702719531e-05,0.409047,2.8437065014982166e-05
719,0.41084266666666663,1.9955506062789585e-05,0.40904133333333337,2.8534579412047057e-05
720,0.41083933333333333,2.1746008573730242e-05,0.40903633333333334,2.718251071718152e-05
721,0.41083433333333336,2.131248981754902e-05,0.4090293333333334,2.691137718926502e-05
722,0.4108306666666666,2.1561282171725268e-05,0.40902400000000005,2.570343686488587e-05
723,0.41082766666666665,2.0853989759472106e-05,0.40901799999999994,2.647010892812653e-05
724,0.410824,2.070426687101279e-05,0.409012,2.6620793877483346e-05
725,0.41081933333333337,2.003885115357262e-05,0.409005,2.817800560722776e-05
726,0.41081799999999996,2.0607442021420823e-05,0.40900166666666665,2.6948510575191948e-05
727,0.4108146666666667,1.8873850222528558e-05,0.408997,2.8612351645149925e-05
728,0.410808,1.69901932498368e-05,0.40898900000000005,3.06267856622233e-05
729,0.410804,1.626857912254684e-05,0.40898233333333334,3.1116269413648425e-05
730,0.41080200000000006,1.574801574803937e-05,0.408978,3.2690467519864626e-05
731,0.41079899999999997,1.4236104336029991e-05,0.4089716666666667,3.3529423231266396e-05
732,0.4107956666666667,1.3912424503147178e-05,0.408967,3.325657829663054e-05
733,0.41079099999999996,1.392838827716351e-05,0.40896099999999996,3.2873494895838484e-05
734,0.41078666666666663,1.2229290885229049e-05,0.408955,3.5562152165848155e-05
735,0.41078466666666663,1.1953614051362372e-05,0.4089496666666667,3.4653843782321454e-05
736,0.41077766666666665,7.930251502242366e-06,0.40894233333333335,3.895581542665572e-05
737,0.4107736666666666,7.586537784488607e-06,0.40893666666666667,3.910953279642879e-05
738,0.4107706666666667,7.930251502242366e-06,0.4089316666666667,3.781827894314801e-05
739,0.41076699999999994,6.683312551905675e-06,0.40892599999999996,3.8841558499447735e-05
740,0.4107640000000001,5.715476066486848e-06,0.40892066666666665,3.838691906827004e-05
741,0.410762,9.27361849551296e-06,0.4089163333333334,3.601234356286302e-05
742,0.41075966666666663,9.672412085700597e-06,0.408912,3.608323710533659e-05
743,0.410757,1.0614455552064081e-05,0.408908,3.608323710533659e-05
744,0.41075533333333336,1.0873004286877601e-05,0.408904,3.5814336049493496e-05
745,0.4107533333333333,1.1556623882232155e-05,0.40890033333333325,3.412070078737164e-05
746,0.41075033333333333,1.2283683848458083e-05,0.4088963333333333,3.331999733227465e-05
747,0.41074666666666665,1.1813363431124715e-05,0.4088906666666667,3.350953429829808e-05
748,0.4107426666666667,1.2498888839495037e-05,0.4088846666666666,3.350953429829808e-05
749,0.41073966666666667,1.181336343109861e-05,0.40888066666666667,3.350953429829808e-05
750,0.41073733333333334,1.1614167593447135e-05,0.40887599999999996,3.424422092363387e-05
751,0.4107323333333333,1.2283683848458083e-05,0.408869,3.343650699462224e-05
752,0.410727,9.933109617177494e-06,0.4088613333333333,3.51978534699032e-05
753,0.41072400000000003,1.0198039027170367e-05,0.40885666666666665,3.461534662864884e-05
754,0.41072033333333335,9.977753031407156e-06,0.408852,3.617549815369038e-05
755,0.4107176666666666,1.0338708279509904e-05,0.408847,3.536476589301088e-05
756,0.4107146666666666,9.2855921847801e-06,0.4088433333333333,3.572425257753035e-05
757,0.41071300000000005,9.626352718795785e-06,0.40883866666666663,3.512200956032546e-05
758,0.4107076666666667,1.2229290885235605e-05,0.4088326666666667,3.282614134428023e-05
759,0.41070433333333334,1.0964589468930379e-05,0.408828,3.293427798913716e-05
760,0.410701,1.1343133018113998e-05,0.408824,3.212475680842596e-05
761,0.4106936666666667,1.1085526098882227e-05,0.4088146666666667,3.219040574803076e-05
762,0.4106906666666667,9.741092797457153e-06,0.40880933333333336,3.449959742115108e-05
763,0.41068533333333335,8.956685895029606e-06,0.408804,3.488074922742765e-05
764,0.410681,1.0984838035537075e-05,0.40879766666666667,3.515995196557388e-05
765,0.41068,1.0984838035511808e-05,0.40879399999999994,3.5524639336664374e-05
766,0.410677,9.20144916124341e-06,0.4087893333333333,3.53113138935638e-05
767,0.41067366666666666,9.87702159334572e-06,0.40878366666666666,3.515995196559722e-05
768,0.410671,1.1575836902789013e-05,0.4087783333333333,3.4701905167040536e-05
769,0.41066833333333336,1.1728408057167163e-05,0.408773,3.4322004603472715e-05
770,0.41066633333333336,1.1323525167640815e-05,0.40876833333333334,3.5555902776083064e-05
771,0.410662,1.2675435561222026e-05,0.40876333333333337,3.715134213215959e-05
772,0.41065833333333335,1.1897712198385732e-05,0.408758,3.676955262169195e-05
773,0.4106543333333333,1.2256517540579082e-05,0.40875199999999995,3.715732319027989e-05
774,0.4106463333333333,1.3274871834484225e-05,0.408742,3.929376540877109e-05
775,0.41064233333333333,1.2657891697369391e-05,0.40873699999999996,4.1737273509415823e-05
776,0.41063933333333336,1.322455628325175e-05,0.40873099999999996,4.301162633522173e-05
777,0.4106356666666667,1.3670731102940506e-05,0.408725,4.3825411197905635e-05
778,0.410633,1.202774570178502e-05,0.4087206666666667,4.333846123507335e-05
779,0.4106283333333333,1.1785113019774495e-05,0.4087146666666667,4.2468288823018454e-05
780,0.41062533333333334,8.956685895025476e-06,0.40870933333333337,4.165199741775369e-05
781,0.410623,8.485281374220889e-06,0.40870433333333334,4.1266074309164305e-05
782,0.41061733333333333,7.586537784488607e-06,0.4086973333333333,4.170797951897527e-05
783,0.410614,4.966554808596198e-06,0.40869099999999997,4.283300907790934e-05
784,0.4106113333333334,5.792715732335512e-06,0.40868600000000005,4.202380277892096e-05
785,0.41060800000000003,5.099019513594255e-06,0.4086813333333333,4.267968551377035e-05
786,0.4106016666666667,5.24933858267979e-06,0.4086733333333334,4.135483311804796e-05
787,0.410599,4.966554808596198e-06,0.4086686666666666,4.099051380774271e-05
788,0.41059566666666664,5.24933858267979e-06,0.408665,4.223742416388331e-05
789,0.41058966666666663,5.24933858267979e-06,0.40865799999999997,4.11582312545199e-05
790,0.41058666666666666,5.24933858267979e-06,0.408653,4.11582312545199e-05
791,0.410584,6.37704215655573e-06,0.40864933333333325,4.216106682183414e-05
792,0.4105826666666667,7.408703590287549e-06,0.408646,4.172129751895978e-05
793,0.41057699999999997,8.640987597860093e-06,0.4086373333333333,4.5536310298007747e-05
794,0.41057499999999997,1.0198039027170367e-05,0.408633,4.626733909212596e-05
795,0.41057133333333334,8.730533902466426e-06,0.4086283333333333,4.7639852597963254e-05
796,0.41056766666666666,1.102522360569399e-05,0.40862233333333337,5.07630661888095e-05
797,0.41056333333333334,1.062491830032689e-05,0.4086163333333333,5.0763066188809494e-05
798,0.4105586666666667,9.392668535735144e-06,0.4086100000000001,5.012650662740253e-05
799,0.410555,1.0230672835479442e-05,0.4086053333333333,5.1227162933562376e-05
800,0.41055400000000003,1.104536101718658e-05,0.4086033333333334,5.157734213996279e-05
801,0.41055233333333335,1.2710450643291355e-05,0.4085986666666666,5.235986588558278e-05
802,0.4105506666666667,1.3274871834504205e-05,0.40859466666666666,5.363042254375745e-05
803,0.410547,1.3366625103855648e-05,0.40859033333333333,5.332499934886481e-05
804,0.41054233333333334,1.155662388224443e-05,0.4085843333333334,5.397736150975914e-05
805,0.4105396666666667,1.1145502331537057e-05,0.40858,5.506965286495112e-05
806,0.41053733333333337,1.0873004286877601e-05,0.4085753333333333,5.448139335792387e-05
807,0.410534,9.201449161217267e-06,0.4085706666666667,5.354333654983157e-05
808,0.4105323333333333,8.806563209085843e-06,0.40856766666666666,5.249973544906443e-05
809,0.4105296666666667,8.33999733546474e-06,0.4085626666666667,5.274045463927541e-05
810,0.41052599999999995,7.788880963694527e-06,0.40855833333333336,5.0161959912104254e-05
811,0.4105236666666667,6.342099196807182e-06,0.4085536666666667,5.2474332349769524e-05
812,0.41052266666666665,6.599663291081044e-06,0.40854999999999997,5.0780573713427e-05
813,0.41052,4.966554808581295e-06,0.4085446666666666,5.277204647241906e-05
814,0.4105173333333334,5.9066817155550475e-06,0.40853999999999996,5.3783516681855066e-05
815,0.41051299999999996,6.377042156581844e-06,0.40853366666666663,5.381656085466898e-05
816,0.4105103333333333,6.798692684797179e-06,0.408529,5.292132525427349e-05
817,0.4105046666666667,6.128258770276457e-06,0.40852099999999997,5.435071296680261e-05
818,0.4105016666666667,5.4365021434183794e-06,0.4085166666666667,5.389702115042418e-05
819,0.4104986666666666,6.342099196807183e-06,0.40851166666666666,5.4847262668443804e-05
820,0.4104936666666667,3.6817870057227176e-06,0.4085043333333333,5.402057221303192e-05
821,0.4104916666666667,2.6246692913351952e-06,0.40849966666666665,5.277204647244547e-05
822,0.41048833333333334,4.921607686748136e-06,0.4084936666666667,5.508982563855998e-05
823,0.41048599999999996,4.320493798942894e-06,0.40848900000000005,5.4338445567259826e-05
824,0.410483,5.35412613475206e-06,0.4084843333333334,5.648205221327197e-05
825,0.41048033333333334,6.548960901468441e-06,0.40848033333333333,5.756349151635789e-05
826,0.41047833333333333,7.039570694000265e-06,0.4084763333333334,5.695807424959462e-05
827,0.4104753333333333,6.798692684797179e-06,0.408472,5.6089214649529546e-05
828,0.41047066666666665,8.4983658559747e-06,0.408466,5.687413002998971e-05
829,0.41046699999999997,9.416297927889176e-06,0.40846066666666675,5.7412735714478026e-05
830,0.410464,1.019803902719577e-05,0.4084556666666666,5.8993408294686786e-05
831,0.41046066666666664,1.049867716535958e-05,0.40845166666666666,5.8425641250696115e-05
832,0.4104563333333333,1.0873004286877601e-05,0.40844600000000003,5.8315235287763475e-05
833,0.410452,9.201449161231343e-06,0.4084393333333334,5.6958074249597436e-05
834,0.4104493333333334,8.956685895029606e-06,0.40843433333333334,5.638754787678709e-05
835,0.41044533333333333,1.1085526098877775e-05,0.40842833333333334,5.63106463192222e-05
836,0.41044166666666665,1.1469767022734974e-05,0.4084236666666667,5.6482052213274156e-05
837,0.4104386666666667,1.228368384847214e-05,0.40841733333333335,5.5799243324217185e-05
838,0.41043566666666664,1.1469767022734974e-05,0.4084123333333333,5.603768573221173e-05
839,0.41043333333333337,1.1440668201165656e-05,0.40840866666666664,5.595434647003329e-05
840,0.41043066666666667,1.1085526098877775e-05,0.4084033333333333,5.390320542930773e-05
841,0.4104286666666666,1.189771219838314e-05,0.4084003333333333,5.3381228494248556e-05
842,0.41042700000000004,1.104536101718658e-05,0.40839600000000004,5.372150407425006e-05
843,0.41042433333333334,1.114550233153263e-05,0.4083919999999999,5.238320341483812e-05
844,0.41042,1.1860297916437511e-05,0.4083853333333334,5.3630422543759056e-05
845,0.41041733333333336,1.1085526098874993e-05,0.4083803333333333,5.496867794984951e-05
846,0.41041333333333335,1.2710450643291355e-05,0.40837366666666663,5.543364401597712e-05
847,0.4104103333333333,1.429063407348708e-05,0.4083683333333334,5.316849526637806e-05
848,0.4104083333333333,1.2256517540556939e-05,0.4083636666666666,5.382275437850987e-05
849,0.41040533333333334,1.1085526098877775e-05,0.4083583333333333,5.3368738248368756e-05
850,0.410403,1.023067283548125e-05,0.4083546666666667,5.301781671182332e-05
851,0.41040133333333334,1.1585431464666765e-05,0.40835133333333334,5.4168461508734766e-05
852,0.41039866666666663,1.2657891697366467e-05,0.40834599999999993,5.318521097697384e-05
853,0.410393,1.1575836902797008e-05,0.4083383333333333,5.0161959912104254e-05
854,0.41039,1.2569805089992048e-05,0.40833366666666665,5.118159391379099e-05
855,0.41038766666666665,1.268419839363965e-05,0.40832966666666665,5.118159391379099e-05
856,0.4103836666666667,1.4055445761540007e-05,0.40832533333333326,5.105117258418634e-05
857,0.41038199999999997,1.2832251036613294e-05,0.4083216666666667,4.986871653540099e-05
858,0.41037799999999997,1.2083045973599e-05,0.408315,4.9200271001978274e-05
859,0.4103766666666666,1.2498888839501453e-05,0.40831066666666666,4.956701412118105e-05
860,0.4103746666666666,1.2256517540552913e-05,0.408307,4.758851402037999e-05
861,0.41036933333333336,1.4817407180584257e-05,0.40829966666666667,4.4342104395529456e-05
862,0.4103666666666667,1.6213848676014944e-05,0.4082946666666667,4.3399948796690996e-05
863,0.41036233333333333,1.5369522511207758e-05,0.4082886666666667,4.467910274637485e-05
864,0.4103596666666667,1.5173075568977213e-05,0.40828333333333333,4.4723844000970436e-05
865,0.410355,1.69901932498368e-05,0.4082773333333333,4.697753600273179e-05
866,0.41035366666666667,1.6499158227689525e-05,0.4082733333333333,4.6599952312781495e-05
867,0.41035099999999997,1.69901932498368e-05,0.4082696666666667,4.821018795050019e-05
868,0.410348,1.6391054470857325e-05,0.40826333333333337,4.9046463231877015e-05
869,0.4103456666666667,1.7211107524577853e-05,0.4082593333333333,4.823092599383209e-05
870,0.4103426666666667,1.8838494867911177e-05,0.4082523333333334,5.103158063612811e-05
871,0.41033933333333333,1.9905331502443348e-05,0.40824733333333335,5.2677214133707345e-05
872,0.41033600000000003,2.177154105708627e-05,0.40824,5.477834121863521e-05
873,0.4103313333333333,2.1452790546263957e-05,0.4082333333333333,5.480470377215845e-05
874,0.410328,2.1969676071042146e-05,0.40822899999999995,5.6497787567313446e-05
875,0.4103253333333334,2.2895899681423372e-05,0.4082246666666666,5.6464344698432415e-05
876,0.41032399999999997,2.2449944320641375e-05,0.40822166666666665,5.646434469841068e-05
877,0.410322,2.3252240035461353e-05,0.40821766666666665,5.72790440640403e-05
878,0.41032,2.3252240035461353e-05,0.408214,5.640921910469362e-05
879,0.41031766666666664,2.4689178916200472e-05,0.40821033333333334,5.607336464153307e-05
880,0.410315,2.3790754506751986e-05,0.40820733333333337,5.643481982686002e-05
881,0.4103126666666667,2.361261433122434e-05,0.40820366666666663,5.764450441186022e-05
882,0.41030933333333336,2.503774927762143e-05,0.408198,5.7312011539165724e-05
883,0.410306,2.4344746182015922e-05,0.40819033333333327,5.5721529850565174e-05
884,0.4103046666666667,2.5037749277627347e-05,0.40818766666666667,5.529516756060486e-05
885,0.410301,2.592296279363167e-05,0.40818333333333334,5.423610933277196e-05
886,0.41029833333333326,2.5616834742445898e-05,0.408178,5.5160372249153005e-05
887,0.4102946666666667,2.4444949489722776e-05,0.40817233333333336,5.360555526765941e-05
888,0.410293,2.342363478768404e-05,0.40816933333333333,5.342492135904885e-05
889,0.41029066666666675,2.369716344957898e-05,0.4081653333333333,5.261389761482096e-05
890,0.41029066666666675,2.369716344957898e-05,0.4081623333333333,5.310576449145428e-05
891,0.4102873333333334,2.2425184255394697e-05,0.4081573333333333,5.1318179581482455e-05
892,0.4102856666666667,2.2171052197750542e-05,0.40815433333333334,5.050632523645576e-05
893,0.41028266666666663,2.2954060400905124e-05,0.40815,5.22366410354472e-05
894,0.4102806666666667,2.22910046630636e-05,0.40814600000000006,5.2561075585146236e-05
895,0.4102759999999999,1.9131126469696203e-05,0.4081403333333333,5.235986588558278e-05
896,0.4102733333333333,1.7441967269272533e-05,0.4081346666666667,4.9815214097238876e-05
897,0.4102696666666667,1.8732028424300812e-05,0.4081303333333333,4.902607016227104e-05
898,0.41026599999999996,1.4352700094408785e-05,0.4081246666666667,4.865068230650095e-05
899,0.41026266666666666,1.4429907214617782e-05,0.40811966666666666,4.984197249530386e-05
900,0.4102596666666667,1.5282524515132567e-05,0.4081146666666666,4.8595838870802105e-05
901,0.4102573333333333,1.575506973080205e-05,0.40811,4.69538780790868e-05
902,0.41025399999999995,1.5748015748013522e-05,0.4081053333333333,4.776563153101689e-05
903,0.4102523333333334,1.4817407180584257e-05,0.40810233333333334,4.860955553065764e-05
904,0.410251,1.7281975195745882e-05,0.4080983333333334,4.69491450638181e-05
905,0.4102493333333333,1.7913371790077118e-05,0.40809566666666663,4.735914789023441e-05
906,0.41024466666666665,1.8732028424300812e-05,0.40808933333333336,4.980852225161209e-05
907,0.41024166666666667,1.9601587237325577e-05,0.4080836666666667,4.8230925993808816e-05
908,0.4102406666666667,1.993879523832483e-05,0.40808099999999997,4.781213235151861e-05
909,0.41023799999999994,1.961292091113878e-05,0.40807466666666664,4.741542177627828e-05
910,0.41023233333333337,2.0270394394012726e-05,0.40806633333333336,4.576267280461519e-05
911,0.4102303333333333,1.9905331502443348e-05,0.408062,4.6561786907292525e-05
912,0.410229,2.006655592438413e-05,0.4080586666666666,4.779353745247782e-05
913,0.41022699999999995,2.006655592438413e-05,0.40805500000000006,4.819405219181041e-05
914,0.4102223333333333,2.0417857108145845e-05,0.40804799999999997,4.944357052909843e-05
915,0.41021899999999994,2.06074420214316e-05,0.4080436666666667,4.9862031870178335e-05
916,0.4102153333333333,2.0336065390233487e-05,0.40803866666666666,4.9862031870178335e-05
917,0.4102133333333333,1.9770910168460885e-05,0.4080356666666667,4.904646323187702e-05
918,0.41021099999999994,2.0704266871028877e-05,0.40803033333333333,4.783536581046936e-05
919,0.4102073333333333,2.257333727113067e-05,0.408025,4.917316341257988e-05
920,0.4102053333333333,2.315647257727333e-05,0.40802166666666667,5.088767587103984e-05
921,0.41020366666666663,2.369716344957898e-05,0.4080183333333333,4.9560288762490935e-05
922,0.41020066666666666,2.3795424396764207e-05,0.40801399999999993,4.907137658554502e-05
923,0.4101976666666667,2.22910046630636e-05,0.40800966666666666,5.0241638331383664e-05
924,0.41019199999999995,2.006655592438413e-05,0.4080026666666667,4.980852225158955e-05
925,0.41018899999999997,1.994993734326697e-05,0.4079986666666667,5.022836737231523e-05
926,0.410188,1.9304576314091898e-05,0.40799466666666667,5.0281430192682016e-05
927,0.410186,1.9442222095225892e-05,0.4079903333333333,4.8678080853264456e-05
928,0.41018399999999994,2.039607805439154e-05,0.40798633333333334,4.741542177627958e-05
929,0.41018166666666667,2.2305953365775052e-05,0.4079823333333333,4.616155206327007e-05
930,0.4101786666666667,2.2528993664959957e-05,0.4079776666666666,4.8175604707041966e-05
931,0.41017600000000004,2.2226110770880963e-05,0.4079733333333333,4.776563153099429e-05
932,0.4101726666666667,2.2305953365749888e-05,0.40796866666666665,4.572623851673062e-05
933,0.4101706666666667,2.3299976156395115e-05,0.4079643333333333,4.654269246855339e-05
934,0.41016933333333333,2.3795424396764725e-05,0.407962,4.574567374808978e-05
935,0.4101653333333333,2.129684379329323e-05,0.40795566666666666,4.5330882286669425e-05
936,0.4101623333333333,2.3442601296691e-05,0.407951,4.450468140170867e-05
937,0.4101606666666666,2.334285520001397e-05,0.40794766666666665,4.41008944227754e-05
938,0.41015633333333334,2.1853044537454737e-05,0.40794100000000005,4.4113490000247025e-05
939,0.41015399999999996,2.0848661028145186e-05,0.4079363333333334,4.616155206327007e-05
940,0.410153,2.164871050817212e-05,0.407934,4.492957452131762e-05
941,0.4101506666666667,2.191397321853799e-05,0.40792866666666666,4.6963342678675066e-05
942,0.41014733333333336,1.9905331502443348e-05,0.407924,4.744119166575473e-05
943,0.410145,2.070426687101279e-05,0.4079196666666667,4.865068230650095e-05
944,0.4101436666666667,1.948218559493013e-05,0.40791700000000003,4.87100263463885e-05
945,0.41014066666666665,2.013840995599272e-05,0.40791200000000005,4.944357052909843e-05
946,0.41013733333333335,2.041785710814585e-05,0.4079066666666667,5.0281430192682016e-05
947,0.41013633333333327,1.9601587237305127e-05,0.40790433333333337,5.0307940614661435e-05
948,0.4101333333333333,1.8372685039358118e-05,0.4079003333333333,5.0413842896145933e-05
949,0.41013133333333335,1.635712552853009e-05,0.40789600000000004,4.94974746830611e-05
950,0.4101283333333334,1.732692189116411e-05,0.407891,4.899659852140673e-05
951,0.410125,1.7146428199486443e-05,0.40788566666666665,5.1803045813506565e-05
952,0.410123,1.8457157599881597e-05,0.4078826666666666,5.213017893269738e-05
953,0.41012066666666663,1.7249798710577684e-05,0.40787866666666667,5.198931514156957e-05
954,0.4101166666666667,1.8660713336356487e-05,0.4078726666666667,5.2296165145147823e-05
955,0.4101143333333333,1.887385022250241e-05,0.40786833333333333,5.413768455419942e-05
956,0.41011033333333335,1.6739839372649806e-05,0.40786300000000003,5.4043192602459654e-05
957,0.410107,1.8457157599881597e-05,0.40785733333333335,5.4137684554175607e-05
958,0.41010433333333335,1.9014614262608255e-05,0.407853,5.533534132902719e-05
959,0.41010066666666667,1.948218559493013e-05,0.4078473333333334,5.448139335793304e-05
960,0.410098,1.9442222095234457e-05,0.40784333333333334,5.610902086317901e-05
961,0.410097,1.9304576314091898e-05,0.40784000000000004,5.533534132902719e-05
962,0.41009366666666675,2.0368821489922405e-05,0.40783499999999995,5.604165117719563e-05
963,0.41009,2.0704266871028877e-05,0.40782999999999997,5.5226805085934574e-05
964,0.410088,1.9442222095225892e-05,0.407826,5.568363014987192e-05
965,0.41008466666666665,1.8571184369572156e-05,0.4078216666666667,5.734883511362969e-05
966,0.4100823333333334,1.791337179005164e-05,0.4078173333333333,5.610902086315747e-05
967,0.4100806666666667,1.759419096052963e-05,0.40781333333333336,5.610902086315747e-05
968,0.410078,1.6673332000533095e-05,0.4078096666666666,5.6346152387619266e-05
969,0.4100766666666667,1.721110752457212e-05,0.4078063333333333,5.705163353392299e-05
970,0.4100756666666667,1.800617178143442e-05,0.4078036666666667,5.7348835113606035e-05
971,0.410074,1.870828693387358e-05,0.4078006666666667,5.734883511362969e-05
972,0.4100723333333333,1.8624953392918164e-05,0.40779666666666664,5.770230112877336e-05
973,0.4100696666666667,2.0499322482026998e-05,0.407792,6.0116553460759724e-05
974,0.4100696666666666,2.0038851153572008e-05,0.40779066666666663,6.051078875336747e-05
975,0.41006633333333337,2.0885933597081574e-05,0.407785,6.130252849596981e-05
976,0.4100626666666667,2.067741655902816e-05,0.40778066666666674,5.925275427260102e-05
977,0.41006000000000004,2.0848661028150512e-05,0.4077756666666667,5.843705065186872e-05
978,0.410056,2.060744202143968e-05,0.40776933333333326,5.840281576164864e-05
979,0.410053,2.2759613353482895e-05,0.4077646666666667,5.7973173872815656e-05
980,0.410051,2.3338094752271014e-05,0.40776033333333334,5.7978923373536316e-05
981,0.4100486666666667,2.2881336402304894e-05,0.4077566666666667,5.800191567716594e-05
982,0.4100456666666667,2.269116323349993e-05,0.40775266666666665,5.599007848618231e-05
983,0.4100433333333333,2.2691163233491506e-05,0.4077483333333333,5.513821018333872e-05
984,0.41004033333333334,2.2573337271104713e-05,0.40774266666666664,5.392175401038514e-05
985,0.41003966666666664,2.239543604299722e-05,0.4077406666666667,5.435888969514135e-05
986,0.4100376666666667,2.1638443156144365e-05,0.4077373333333334,5.438341250377066e-05
987,0.410034,1.8402898322448608e-05,0.4077326666666667,5.246797965321e-05
988,0.41003266666666666,1.7987650084301317e-05,0.40772933333333333,5.3804171668105494e-05
989,0.41002999999999995,1.8402898322448608e-05,0.40772433333333336,5.3667701853366745e-05
990,0.41002866666666665,1.934482417138908e-05,0.407721,5.3709092960747177e-05
991,0.410027,1.909624744985616e-05,0.40771833333333335,5.2854096866326266e-05
992,0.4100256666666667,1.9327585352438544e-05,0.40771566666666664,5.28162432927136e-05
993,0.41002,1.9442222095225892e-05,0.40770866666666666,5.60733646415312e-05
994,0.410018,2.0215505600082477e-05,0.4077043333333333,5.764450441186022e-05
995,0.4100166666666667,1.9601587237325577e-05,0.4077013333333333,5.72790440640403e-05
996,0.41001333333333334,2.117125934426742e-05,0.407696,5.678614854580827e-05
997,0.41001166666666666,2.0885933597086297e-05,0.4076926666666667,5.63698106751677e-05
998,0.4100093333333333,1.966949132257488e-05,0.407689,5.559376463835872e-05
999,0.41000666666666663,2.0237478982203512e-05,0.407685,5.6409219104692304e-05
